{"cameraMode":{"drawMode":0,"name":"Shaded","section":"Shading Mode"},"sceneLighting":false,"audioPlay":false,"sceneViewState":{"showFog":true,"showMaterialUpdate":false,"showSkybox":false,"showFlares":true,"showImageEffects":true,"showParticleSystems":true},"in2DMode":false,"pivot":{"x":0.00952453538775444,"y":0.43179988861083987,"z":-0.19050022959709168},"rotation":{"x":0.07095742225646973,"y":0.33159783482551577,"z":-0.025018000975251199,"w":0.9404186606407166},"size":0.5214059352874756,"orthographic":false}