{"cameraMode":{"drawMode":0,"name":"Shaded","section":"Shading Mode"},"sceneLighting":true,"audioPlay":false,"sceneViewState":{"showFog":true,"showMaterialUpdate":false,"showSkybox":true,"showFlares":true,"showImageEffects":true,"showParticleSystems":true},"in2DMode":false,"pivot":{"x":0.4852902889251709,"y":0.704404354095459,"z":0.018536090850830079},"rotation":{"x":0.07095742225646973,"y":0.33159783482551577,"z":-0.025018000975251199,"w":0.9404186606407166},"size":2.137159585952759,"orthographic":false}