{"cameraMode":{"drawMode":0,"name":"Shaded","section":"Shading Mode"},"sceneLighting":true,"audioPlay":false,"sceneViewState":{"showFog":true,"showMaterialUpdate":false,"showSkybox":true,"showFlares":true,"showImageEffects":true,"showParticleSystems":true},"in2DMode":false,"pivot":{"x":-1.0661197900772095,"y":1.0068371295928956,"z":-1.2192399501800538},"rotation":{"x":0.008758463896811009,"y":0.9788699746131897,"z":-0.04291100800037384,"w":0.19975325465202332},"size":2.2065653800964357,"orthographic":false}