{"cameraMode":{"drawMode":0,"name":"Shaded","section":"Shading Mode"},"sceneLighting":true,"audioPlay":false,"sceneViewState":{"showFog":true,"showMaterialUpdate":false,"showSkybox":true,"showFlares":true,"showImageEffects":true,"showParticleSystems":true},"in2DMode":false,"pivot":{"x":0.4395395517349243,"y":1.2255985736846924,"z":-2.508450984954834},"rotation":{"x":0.0073358179070055489,"y":0.984738826751709,"z":-0.042863134294748309,"w":0.1685308963060379},"size":1.8458199501037598,"orthographic":false}