{"cameraMode":{"drawMode":0,"name":"Shaded","section":"Shading Mode"},"sceneLighting":true,"audioPlay":false,"sceneViewState":{"showFog":true,"showMaterialUpdate":false,"showSkybox":true,"showFlares":true,"showImageEffects":true,"showParticleSystems":true},"in2DMode":false,"pivot":{"x":-0.03704833984375,"y":0.8979854583740234,"z":-0.7540082931518555},"rotation":{"x":0.019357478246092798,"y":0.9727203845977783,"z":-0.08808526396751404,"w":0.21374447643756867},"size":2.137159585952759,"orthographic":false}